Origin,Destination,Distance,Fuel_Price,Month,Freight_Cost
Thane,Nagpur,386.55,103.71,May,7816.87
Solapur,Kolhapur,362.08,103.33,June,7815.64
Kolhapur,Pune,231.17,92.01,December,5218.92
Kolhapur,Mumbai,381.21,98.91,January,7263.38
Jalgaon,Nashik,706.77,107.73,September,13926.08
Kolhapur,Jalgaon,504.55,107.18,December,10355.75
Pune,Jalgaon,771.12,95.69,December,12970.51
Solapur,Nashik,563.65,96.14,August,12099.57
Nagpur,Pune,703.11,101.08,February,12869.65
Jalgaon,Pune,797.66,106.83,August,18237.03
Solapur,Kolhapur,347.21,96.34,May,7573.88
Solapur,Jalgaon,249.67,100.68,September,5703.22
Amravati,Thane,259.64,98.32,August,6886.17
Solapur,Nashik,549.48,103.66,January,11085.6
Jalgaon,Amravati,204.05,105.6,December,5564.09
Pune,Mumbai,149.11,97.2,March,4135.37
Solapur,Aurangabad,292.1,99.56,May,5927.89
Thane,Jalgaon,369.75,93.77,December,7501.33
Nashik,Solapur,533.28,101.01,April,9764.96
Nagpur,Solapur,430.28,94.58,February,8309.77
Jalgaon,Amravati,147.38,99.3,December,4735.82
Amravati,Thane,293.48,96.35,November,7031.45
Amravati,Nagpur,524.68,96.88,June,9001.44
Kolhapur,Mumbai,381.73,93.92,December,7249.6
Solapur,Jalgaon,258.27,93.04,October,6034.89
Nagpur,Solapur,444.81,96.81,January,8591.42
Thane,Kolhapur,254.15,102.15,February,6216.53
Kolhapur,Thane,246.94,102.75,November,6242.92
Aurangabad,Amravati,352.92,107.73,June,7870.59
Mumbai,Jalgaon,882.45,94.98,March,15304.39
Nashik,Nagpur,196.67,97.58,July,6142.58
Nagpur,Jalgaon,638.37,98.19,February,11778.94
Amravati,Jalgaon,154.64,100.66,October,5222.47
Nashik,Solapur,546.2,105.08,September,10459.29
Mumbai,Aurangabad,330.59,106.41,November,8190.03
Nashik,Nagpur,199.94,98.47,January,4824.09
Solapur,Nagpur,415.89,94.59,June,8251.95
Amravati,Nashik,658.16,96.54,February,12267.02
Pune,Thane,531.39,107.91,April,10180.43
Kolhapur,Nagpur,165.65,103.91,March,5050.9
Mumbai,Pune,153.17,102.18,June,5458.31
Aurangabad,Thane,167.52,106.27,November,4869.0
Mumbai,Pune,145.76,95.12,March,4562.67
Mumbai,Aurangabad,331.98,106.14,December,7754.68
Nashik,Mumbai,169.64,93.21,May,3974.15
Nashik,Pune,205.93,100.91,June,5485.19
Solapur,Pune,633.05,107.84,February,13219.07
Jalgaon,Pune,792.58,105.58,September,14707.34
Jalgaon,Thane,349.38,96.1,August,8849.04
Jalgaon,Thane,355.11,104.77,January,7834.73
Nashik,Solapur,501.93,101.26,July,11463.29
Aurangabad,Nashik,201.57,96.58,October,4944.92
Jalgaon,Aurangabad,427.52,92.62,June,7396.17
Solapur,Kolhapur,339.01,107.44,July,9356.86
Nagpur,Thane,323.62,100.5,March,7488.98
Pune,Nagpur,714.14,104.72,March,13381.39
Kolhapur,Aurangabad,145.66,98.85,December,4244.3
Kolhapur,Mumbai,378.33,96.0,June,7469.23
Amravati,Solapur,205.42,102.21,July,6084.32
Thane,Nashik,427.34,97.7,May,8585.0
Aurangabad,Jalgaon,433.93,93.47,January,8368.17
Nagpur,Mumbai,803.0,99.43,May,14055.46
Kolhapur,Nagpur,143.17,97.99,October,4195.63
Nashik,Mumbai,179.67,101.85,July,5950.15
Pune,Mumbai,151.72,104.82,December,4911.95
Pune,Nagpur,706.92,100.73,May,12973.16
Nashik,Mumbai,171.4,93.14,August,5002.22
Jalgaon,Pune,788.25,99.94,October,15826.37
Solapur,Nagpur,439.26,107.48,April,9431.06
Jalgaon,Kolhapur,552.54,104.91,January,10871.65
Mumbai,Solapur,720.64,105.87,May,13294.89
Mumbai,Solapur,732.56,104.07,September,14017.06
Nagpur,Jalgaon,612.4,106.33,January,11501.11
Nagpur,Jalgaon,649.3,97.68,December,12310.56
Kolhapur,Aurangabad,160.52,97.26,November,5193.11
Kolhapur,Nagpur,206.23,104.5,July,6473.78
Thane,Kolhapur,281.59,100.73,November,6825.78
Pune,Jalgaon,823.31,101.89,June,15022.36
Jalgaon,Amravati,197.53,103.3,May,4872.62
Kolhapur,Thane,299.06,97.99,January,6440.59
Thane,Jalgaon,361.43,97.6,December,7576.43
Nashik,Thane,459.36,95.98,March,8744.36
Pune,Kolhapur,224.99,93.9,September,5453.47
Amravati,Mumbai,775.8,100.45,May,13648.72
Aurangabad,Kolhapur,143.04,106.79,December,4609.0
Nagpur,Jalgaon,626.62,102.07,January,11679.12
Kolhapur,Thane,270.9,106.42,September,6597.68
Solapur,Kolhapur,339.42,95.01,October,7434.37
Solapur,Pune,608.62,97.77,April,10009.78
Nagpur,Nashik,197.58,107.2,May,5323.93
Amravati,Pune,685.79,106.03,November,15017.61
Mumbai,Aurangabad,327.65,103.99,September,7355.41
Nashik,Mumbai,176.19,92.22,July,5295.15
Kolhapur,Thane,293.92,101.36,May,6437.71
Kolhapur,Nashik,247.31,99.21,January,5869.63
Mumbai,Pune,152.57,104.11,February,4367.83
Jalgaon,Pune,803.33,105.3,February,15036.89
Mumbai,Thane,657.76,93.41,November,12172.75
Thane,Kolhapur,273.42,103.27,March,6403.09
Thane,Aurangabad,183.21,107.69,February,4759.3
Nashik,Pune,217.22,97.57,June,5548.82
Thane,Nashik,458.83,104.74,October,10463.15
Solapur,Mumbai,714.45,96.13,August,14796.13
Pune,Nagpur,707.59,100.6,July,15429.63
Solapur,Nagpur,434.2,106.35,March,9005.08
Pune,Nagpur,705.92,93.42,January,11864.63
Kolhapur,Jalgaon,524.92,106.31,January,11345.01
Amravati,Jalgaon,173.68,103.0,August,5791.23
Mumbai,Kolhapur,383.07,94.95,August,9136.89
Aurangabad,Solapur,267.19,103.53,October,7214.84
Pune,Thane,537.28,95.88,September,9974.63
Thane,Kolhapur,242.76,101.02,January,5675.84
Amravati,Mumbai,794.0,99.58,October,15256.45
Nashik,Jalgaon,714.89,93.39,June,12613.27
Mumbai,Nagpur,802.69,98.06,May,13793.13
Pune,Amravati,714.88,97.29,September,12270.95
Mumbai,Aurangabad,326.75,94.99,August,7803.72
Thane,Jalgaon,325.62,100.39,August,8433.55
Nagpur,Thane,388.25,99.85,June,8291.5
Nashik,Jalgaon,730.29,100.56,October,14938.51
Aurangabad,Thane,189.77,95.19,April,4294.59
Mumbai,Pune,142.38,101.3,November,5006.78
Nagpur,Nashik,143.63,97.39,October,5202.98
Pune,Amravati,736.69,96.07,May,12778.8
Amravati,Mumbai,778.17,99.57,June,13391.4
Mumbai,Aurangabad,324.84,105.29,December,7642.19
Amravati,Pune,692.69,93.06,August,13878.35
Aurangabad,Amravati,377.96,104.01,December,8094.34
Kolhapur,Nashik,276.56,100.37,April,5936.64
Amravati,Jalgaon,187.81,99.23,August,5618.67
Aurangabad,Mumbai,318.85,103.96,January,7346.09
Thane,Pune,538.05,106.5,March,10922.52
Thane,Nashik,440.21,97.33,March,8326.21
Mumbai,Kolhapur,378.0,103.86,November,8850.35
Mumbai,Aurangabad,332.02,104.46,January,7514.32
Jalgaon,Kolhapur,561.37,97.47,June,10260.2
Nagpur,Amravati,542.28,100.04,August,12127.64
Pune,Nagpur,707.24,103.1,April,12850.31
Nagpur,Amravati,540.84,98.41,October,11685.29
Jalgaon,Solapur,265.41,101.78,August,7928.34
Solapur,Kolhapur,369.51,94.44,December,7491.6
Jalgaon,Amravati,169.69,103.78,August,5651.06
Jalgaon,Nagpur,598.73,106.73,June,11859.4
Thane,Nashik,451.39,98.38,September,8610.23
Amravati,Kolhapur,452.26,93.83,April,8227.99
Amravati,Aurangabad,344.24,97.55,February,7227.55
Nashik,Thane,422.35,99.97,June,8781.73
Kolhapur,Amravati,431.8,104.49,November,9689.82
Nagpur,Jalgaon,600.41,98.63,December,11270.03
Solapur,Mumbai,700.97,96.96,July,15054.65
Mumbai,Amravati,811.12,96.7,March,13908.61
Pune,Nashik,202.33,99.95,March,6029.67
Nagpur,Mumbai,797.16,104.05,October,16269.07
Jalgaon,Nashik,725.08,98.54,July,15239.31
Amravati,Thane,247.77,95.14,August,6916.36
Aurangabad,Jalgaon,465.99,94.86,January,9258.95
Nashik,Amravati,640.56,105.69,November,13946.45
Nagpur,Kolhapur,186.77,95.28,July,5071.08
Pune,Mumbai,158.82,105.08,April,4823.01
Nashik,Solapur,502.4,105.29,May,9623.73
Aurangabad,Jalgaon,440.53,96.71,April,8161.65
Thane,Mumbai,623.93,100.2,September,11358.87
Solapur,Pune,634.34,96.13,June,11030.91
Jalgaon,Pune,789.06,92.29,February,13614.13
Kolhapur,Nagpur,174.87,93.07,May,4530.04
Thane,Kolhapur,230.77,94.19,September,5442.36
Aurangabad,Amravati,337.55,102.13,May,6489.07
Jalgaon,Pune,781.64,103.81,March,14186.44
Kolhapur,Nagpur,193.97,93.09,November,4910.42
Mumbai,Solapur,722.73,107.19,July,16209.97
Solapur,Aurangabad,239.45,99.74,October,6146.86
Pune,Jalgaon,823.96,93.71,September,13794.63
Solapur,Mumbai,708.9,103.28,August,15284.75
Nashik,Pune,208.0,104.79,December,5440.58
Mumbai,Pune,146.71,107.2,July,5235.06
Solapur,Nashik,551.26,104.9,July,13034.35
Kolhapur,Thane,274.61,107.69,February,6322.93
Jalgaon,Amravati,206.08,92.63,October,5332.72
Thane,Mumbai,602.64,101.09,October,12349.44
Thane,Jalgaon,333.48,93.84,November,7318.76
Thane,Pune,552.15,92.88,March,10064.36
Mumbai,Amravati,786.1,93.93,February,13092.73
Nashik,Aurangabad,177.35,98.47,July,5980.95
Solapur,Mumbai,717.69,102.59,February,12603.54
Pune,Solapur,622.34,107.85,November,13985.43
Thane,Pune,565.73,104.78,July,14058.4
Amravati,Jalgaon,163.55,100.36,January,4423.01
Mumbai,Nagpur,790.69,105.65,February,14884.58
Kolhapur,Jalgaon,519.41,106.57,September,10618.75
Nagpur,Aurangabad,475.58,104.58,November,10854.49
Solapur,Pune,601.69,107.86,November,13408.98
Solapur,Nagpur,468.65,95.69,March,8388.32
Pune,Jalgaon,785.43,94.98,March,13408.11
Solapur,Aurangabad,286.05,102.08,July,8221.1
Mumbai,Amravati,832.82,99.41,August,17209.36
Amravati,Jalgaon,202.64,105.76,November,5938.61
Amravati,Nashik,656.9,105.79,September,13009.19
Solapur,Jalgaon,268.56,93.39,August,6766.55
Pune,Thane,567.35,93.75,December,10122.65
Kolhapur,Mumbai,384.54,101.14,August,9528.02
Pune,Amravati,719.6,96.27,June,12930.92
Mumbai,Jalgaon,883.38,95.82,May,14209.08
Jalgaon,Nagpur,633.3,104.04,July,14763.51
Jalgaon,Kolhapur,552.05,94.57,April,9433.04
Pune,Solapur,603.52,93.35,November,11628.14
Pune,Amravati,737.31,94.06,March,12592.41
Thane,Jalgaon,387.41,97.47,December,7982.65
Aurangabad,Nagpur,476.48,94.78,April,8388.0
Mumbai,Thane,639.6,99.58,June,11696.34
Jalgaon,Solapur,233.2,105.94,December,5833.43
Thane,Mumbai,612.65,99.82,March,11548.78
Jalgaon,Thane,351.21,96.38,April,6401.39
Thane,Solapur,197.81,96.77,February,4299.31
Nagpur,Thane,329.19,105.89,December,6995.65
Jalgaon,Aurangabad,426.1,95.41,January,8043.75
Amravati,Solapur,165.8,105.83,November,5499.6
Pune,Kolhapur,232.28,92.29,December,5589.69
Amravati,Thane,238.76,102.97,April,5771.66
Amravati,Aurangabad,335.79,94.57,June,6360.44
Solapur,Amravati,161.73,99.28,August,5527.6
Kolhapur,Pune,225.31,107.6,June,6451.21
Amravati,Mumbai,836.69,106.53,November,17141.81
Mumbai,Jalgaon,899.96,92.29,June,14605.8
Aurangabad,Nagpur,485.92,107.06,January,9995.97
Pune,Mumbai,148.76,92.53,April,3641.9
Jalgaon,Aurangabad,432.55,107.64,October,10606.51
Pune,Solapur,636.93,107.22,March,12867.72
Aurangabad,Jalgaon,475.53,92.83,September,8901.47
Pune,Kolhapur,231.97,97.43,November,6685.56
Nagpur,Thane,377.21,99.24,March,7741.35
Amravati,Pune,684.22,95.95,September,11944.3
Thane,Nagpur,372.1,105.95,May,7962.73
Thane,Nashik,421.32,92.33,March,7892.63
Jalgaon,Nashik,727.62,93.16,January,12343.42
Thane,Mumbai,650.78,103.63,August,14161.45
Nagpur,Amravati,538.03,100.22,September,10069.52
Nagpur,Aurangabad,487.84,101.56,April,8752.17
Aurangabad,Solapur,249.38,101.48,June,5615.91
Pune,Amravati,738.52,95.77,October,13628.07
Solapur,Nagpur,473.63,94.87,December,8924.69
Kolhapur,Aurangabad,144.84,98.99,June,3574.98
Solapur,Thane,165.15,101.49,June,4297.38
Pune,Nagpur,715.37,102.51,January,13210.66
Thane,Nashik,440.94,97.29,October,9559.51
Amravati,Mumbai,801.46,101.41,December,14288.72
Nagpur,Jalgaon,632.39,97.71,December,11644.48
Kolhapur,Mumbai,381.91,101.37,June,8172.13
Nagpur,Pune,703.81,94.88,November,13597.59
Kolhapur,Mumbai,377.06,94.37,May,7049.74
Pune,Amravati,728.02,92.28,September,12471.68
Solapur,Pune,613.99,100.52,July,13716.86
Nagpur,Pune,713.06,107.52,January,13649.54
Thane,Amravati,240.93,95.75,June,5778.41
Thane,Pune,517.09,105.29,August,12055.66
Mumbai,Amravati,825.69,106.7,January,15884.95
Kolhapur,Aurangabad,180.4,97.58,February,4398.25
Pune,Thane,522.27,105.86,September,10763.66
Amravati,Nagpur,545.54,104.24,April,10457.1
Aurangabad,Nashik,192.99,104.77,March,5502.18
Mumbai,Amravati,790.78,102.39,May,13459.27
Thane,Kolhapur,256.63,100.78,January,5637.21
Mumbai,Pune,148.48,101.39,August,5219.7
Jalgaon,Pune,802.44,98.08,October,14996.0
Nagpur,Solapur,466.91,103.49,November,10560.66
Kolhapur,Solapur,350.16,106.35,May,7450.92
Nashik,Kolhapur,295.41,97.63,February,6575.02
Nagpur,Aurangabad,475.06,104.85,March,9478.88
Solapur,Nagpur,460.23,98.4,April,8561.99
Thane,Solapur,176.76,103.34,August,6251.37
Mumbai,Amravati,837.4,99.74,July,17382.06
Jalgaon,Thane,364.66,100.24,December,8035.24
Amravati,Jalgaon,185.26,94.8,September,4303.25
Kolhapur,Nagpur,159.24,105.16,December,4561.94
Thane,Jalgaon,326.69,101.98,January,6889.36
Mumbai,Nagpur,798.75,105.91,January,15086.06
Kolhapur,Nashik,272.5,100.75,October,6903.66
Amravati,Jalgaon,174.77,107.8,March,5646.77
Jalgaon,Aurangabad,441.21,103.59,November,10349.43
Thane,Amravati,238.99,93.67,October,6132.11
Nagpur,Amravati,545.17,101.53,September,10503.76
Solapur,Mumbai,695.87,97.68,April,12181.19
Kolhapur,Aurangabad,158.98,101.48,March,4534.39
Aurangabad,Nashik,182.5,107.93,July,5829.89
Nagpur,Amravati,540.63,93.42,May,9353.35
Amravati,Thane,267.51,93.55,September,5512.96
Thane,Mumbai,611.06,107.7,March,11984.54
Kolhapur,Nagpur,204.89,100.64,September,5171.1
Kolhapur,Nagpur,183.65,93.43,July,5500.74
Aurangabad,Nagpur,485.01,103.34,April,9013.16
Pune,Jalgaon,776.13,106.99,September,14659.74
Mumbai,Nagpur,794.48,101.61,July,16417.72
Aurangabad,Nashik,191.83,101.07,April,5253.32
Jalgaon,Mumbai,868.15,105.08,March,16247.97
Aurangabad,Nashik,200.01,104.64,April,4963.63
Nashik,Pune,214.91,94.46,March,5095.57
Jalgaon,Amravati,180.26,99.67,January,4837.84
Nagpur,Mumbai,806.95,94.8,March,13839.27
Nashik,Jalgaon,737.76,102.66,February,13873.67
Nagpur,Pune,710.27,96.44,June,11988.41
Nashik,Aurangabad,196.28,104.49,October,5839.45
Pune,Amravati,700.81,98.89,September,12215.65
Nashik,Aurangabad,188.16,93.62,December,4447.61
Mumbai,Kolhapur,373.63,95.72,December,7661.68
Nagpur,Kolhapur,185.9,105.57,February,4807.93
Thane,Aurangabad,197.93,103.74,June,5250.59
Kolhapur,Solapur,349.13,99.7,June,7527.88
Thane,Amravati,267.47,95.44,May,6020.56
Jalgaon,Pune,814.05,95.18,May,13133.79
Nashik,Mumbai,172.9,100.77,May,4183.84
Nagpur,Pune,709.8,99.62,September,13193.46
Jalgaon,Kolhapur,566.94,94.13,January,10223.35
Solapur,Jalgaon,296.0,104.94,January,6923.84
Thane,Pune,527.04,99.2,January,10344.77
Mumbai,Solapur,716.29,94.4,December,12911.99
Solapur,Jalgaon,282.23,102.54,March,6616.83
Solapur,Nashik,500.85,107.3,May,9707.74
Nagpur,Kolhapur,194.23,102.58,December,4519.06
Nashik,Aurangabad,196.28,93.1,October,5280.58
Aurangabad,Mumbai,334.98,101.99,February,7134.72
Pune,Nagpur,711.41,104.39,September,13255.04
Amravati,Thane,232.94,107.5,May,5759.03
Pune,Thane,534.02,106.72,December,10625.2
Pune,Mumbai,144.78,99.03,September,3683.3
Pune,Thane,519.17,106.85,December,10779.59
Solapur,Kolhapur,340.01,105.06,July,8994.16
Thane,Mumbai,608.09,100.7,May,10818.42
Solapur,Amravati,179.05,94.89,November,5532.2
Aurangabad,Thane,208.93,107.0,February,5761.54
Nagpur,Pune,706.59,95.42,March,12172.43
Aurangabad,Kolhapur,181.32,100.13,June,4597.07
Nashik,Solapur,548.22,105.97,September,10911.35
Jalgaon,Solapur,247.27,103.62,January,6235.64
Nagpur,Amravati,513.58,106.08,February,10626.92
Thane,Pune,524.88,104.54,April,9626.94
Nagpur,Thane,379.36,105.44,December,8089.54
Pune,Aurangabad,435.76,97.23,March,8708.27
Thane,Aurangabad,201.37,107.94,April,5779.62
Jalgaon,Solapur,245.2,94.21,June,5134.13
Kolhapur,Thane,278.69,92.05,June,5735.22
Nagpur,Mumbai,797.94,101.41,April,14299.12
Kolhapur,Solapur,369.21,92.84,August,8504.22
Pune,Nashik,208.47,97.15,March,5156.17
Aurangabad,Amravati,343.4,104.56,June,7847.62
Nashik,Kolhapur,238.57,103.77,January,5815.11
Pune,Kolhapur,233.87,96.79,January,5757.36
Mumbai,Thane,634.53,104.57,November,13816.94
Jalgaon,Kolhapur,512.91,97.8,February,9978.06
Nashik,Mumbai,178.43,103.16,November,5981.56
Nashik,Aurangabad,187.08,99.39,April,4293.64
Mumbai,Aurangabad,324.15,94.14,April,5445.87
Thane,Solapur,174.75,98.99,September,4585.0
Amravati,Nagpur,545.99,107.31,August,13114.38
Jalgaon,Aurangabad,428.32,95.95,December,7971.97
Amravati,Aurangabad,324.58,99.8,August,7732.45
Nagpur,Pune,697.88,97.56,February,12711.06
Solapur,Nagpur,418.96,106.11,May,8535.43
Amravati,Kolhapur,478.69,96.1,March,8863.33
Thane,Kolhapur,269.57,99.42,September,6001.47
Amravati,Thane,277.86,100.72,August,8031.33
Pune,Jalgaon,825.42,100.78,February,14793.67
Mumbai,Aurangabad,325.85,94.26,June,6803.41
Pune,Nagpur,714.52,102.42,June,13609.31
Aurangabad,Nashik,186.55,92.83,January,4403.71
Nagpur,Kolhapur,192.97,100.31,August,5738.42
Solapur,Kolhapur,366.17,94.59,November,8031.53
Jalgaon,Mumbai,861.9,93.04,March,14390.08
Solapur,Mumbai,707.35,104.77,July,16261.66
Pune,Nagpur,712.53,99.06,November,14178.55
Solapur,Jalgaon,270.43,102.15,July,7081.44
Amravati,Solapur,176.41,99.16,June,4564.47
Nashik,Nagpur,202.8,94.7,June,5233.99
Mumbai,Pune,149.53,103.72,November,4909.22
Kolhapur,Nagpur,195.9,107.48,March,5533.9
Thane,Mumbai,619.24,107.75,May,11902.22
Pune,Kolhapur,225.69,102.99,March,5825.01
Mumbai,Kolhapur,382.9,93.27,May,7141.54
Nashik,Jalgaon,737.33,100.65,March,13529.1
Amravati,Kolhapur,427.8,105.11,December,9295.72
Jalgaon,Kolhapur,507.91,93.39,January,9036.4
Amravati,Nashik,621.52,103.98,September,11929.75
Thane,Aurangabad,191.66,104.9,November,5533.7
Pune,Nashik,211.62,97.04,August,5988.63
Solapur,Thane,159.55,102.29,April,4569.53
Jalgaon,Amravati,155.09,97.77,May,4308.23
Mumbai,Solapur,736.52,92.95,February,12459.8
Nashik,Mumbai,168.1,98.07,April,4010.21
Kolhapur,Amravati,419.02,98.6,November,9059.4
Solapur,Aurangabad,249.6,105.73,March,6226.71
Nashik,Nagpur,192.78,104.88,April,5040.98
Amravati,Thane,267.29,102.16,April,6048.91
Solapur,Aurangabad,238.42,93.09,January,4781.81
Kolhapur,Nashik,245.84,103.68,September,5984.24
Nagpur,Kolhapur,201.41,106.04,June,5460.92
Mumbai,Nagpur,799.16,96.28,February,14329.1
Nagpur,Aurangabad,484.3,101.58,January,9701.74
Amravati,Nagpur,560.8,93.03,January,10434.25
Solapur,Thane,170.13,97.07,December,4228.09
Nashik,Kolhapur,261.04,101.71,March,6160.71
Aurangabad,Nagpur,482.9,102.82,December,10102.96
Nagpur,Thane,375.07,107.53,December,8456.58
Thane,Jalgaon,355.44,102.15,June,7857.75
Aurangabad,Jalgaon,410.2,92.64,June,7684.4
Solapur,Nashik,531.32,99.59,January,9552.65
Aurangabad,Mumbai,335.42,101.15,October,7865.45
Aurangabad,Jalgaon,437.79,93.39,September,8246.12
Thane,Solapur,201.2,99.9,November,6087.32
Nashik,Mumbai,177.4,106.12,May,4639.32
Mumbai,Solapur,746.78,103.54,September,13836.59
Thane,Mumbai,632.27,102.99,February,12151.23
Nagpur,Mumbai,789.24,93.94,December,13078.23
Solapur,Nagpur,473.02,98.47,March,9335.95
Amravati,Pune,742.16,101.58,February,13594.72
Nashik,Thane,418.1,94.47,March,7833.74
Pune,Thane,558.03,107.86,February,11565.95
Mumbai,Jalgaon,889.54,96.72,January,15112.23
Kolhapur,Aurangabad,196.56,95.46,September,4643.0
Thane,Amravati,275.66,105.53,June,6573.0
Thane,Jalgaon,341.44,104.62,December,7979.83
Pune,Nagpur,720.95,104.15,July,15697.3
Solapur,Jalgaon,231.92,98.29,August,6220.02
Kolhapur,Solapur,329.98,106.24,January,7464.2
Nagpur,Nashik,141.78,102.33,December,4499.68
Mumbai,Thane,649.3,100.5,April,11869.83
Solapur,Aurangabad,261.78,103.01,February,6142.34
Nashik,Kolhapur,236.95,95.34,November,5996.42
Jalgaon,Nashik,681.63,104.1,May,12539.14
Kolhapur,Aurangabad,173.18,99.11,February,4617.63
Amravati,Mumbai,776.17,101.71,April,14270.99
Aurangabad,Kolhapur,198.36,99.05,October,5050.83
Pune,Nagpur,710.15,102.84,May,12249.78
Thane,Nagpur,344.31,101.29,August,8640.89
Mumbai,Nagpur,802.82,106.09,August,18294.88
Nashik,Aurangabad,186.83,103.69,August,6055.91
Nagpur,Thane,335.94,107.42,May,7210.66
Pune,Thane,537.34,105.92,May,10469.12
Kolhapur,Mumbai,388.15,102.89,September,8224.33
Nagpur,Thane,361.21,98.01,June,7115.08
Mumbai,Amravati,800.89,101.69,September,14980.34
Kolhapur,Pune,225.84,99.1,April,5195.21
Amravati,Solapur,199.78,99.03,January,5521.67
Mumbai,Amravati,774.37,106.14,November,16474.33
Pune,Thane,548.14,103.56,June,10585.69
Jalgaon,Kolhapur,525.11,104.87,August,12586.77
Nashik,Nagpur,154.05,107.91,August,6192.47
Thane,Solapur,143.09,97.47,May,3779.27
Solapur,Amravati,193.82,102.54,January,5321.76
Nagpur,Nashik,182.95,93.42,September,4287.44
Nagpur,Thane,341.43,100.79,December,7666.88
Pune,Nagpur,700.53,93.23,July,14142.77
Pune,Thane,503.52,93.17,August,10464.4
Thane,Nashik,466.24,106.87,July,11399.96
Aurangabad,Solapur,263.35,95.62,September,5734.61
Amravati,Aurangabad,333.15,103.52,October,7772.75
Jalgaon,Nagpur,633.73,93.15,February,11213.33
Nagpur,Aurangabad,475.13,104.86,June,9509.85
Thane,Amravati,249.0,99.95,February,5953.15
Pune,Amravati,724.07,92.87,December,11957.69
Mumbai,Nashik,168.93,96.42,June,4572.91
Solapur,Jalgaon,253.83,107.05,December,6671.55
Amravati,Mumbai,779.1,101.04,February,14450.58
Nashik,Nagpur,203.7,98.04,December,4913.05
Nashik,Aurangabad,193.69,105.51,July,6335.03
Jalgaon,Thane,337.8,106.01,May,7339.27
Amravati,Kolhapur,443.28,102.15,May,8667.95
Jalgaon,Mumbai,885.2,107.31,December,16735.85
Pune,Nagpur,715.56,97.92,December,12670.09
Kolhapur,Nagpur,199.52,95.39,September,5011.35
Aurangabad,Thane,201.61,95.45,July,5370.94
Solapur,Amravati,185.61,103.82,December,5372.27
Aurangabad,Kolhapur,187.75,99.49,January,4846.98
Nashik,Jalgaon,737.63,104.51,May,13449.16
Kolhapur,Aurangabad,203.77,105.41,January,5429.01
Amravati,Nashik,618.3,100.5,June,11301.88
Nagpur,Amravati,550.74,106.04,October,12866.17
Nagpur,Solapur,464.18,104.37,August,11383.13
Jalgaon,Aurangabad,411.19,104.32,September,8637.18
Kolhapur,Jalgaon,554.12,100.29,April,9891.76
Amravati,Kolhapur,455.25,107.59,March,9942.07
Solapur,Aurangabad,240.66,106.39,September,6350.83
Pune,Nashik,218.36,99.58,October,5924.55
Nagpur,Amravati,565.99,104.56,April,10833.41
Aurangabad,Jalgaon,424.35,103.61,July,10508.05
Jalgaon,Amravati,183.57,104.5,March,5225.65
Solapur,Nagpur,437.17,102.79,November,9814.16
Mumbai,Pune,149.24,103.6,September,4665.87
Amravati,Pune,728.31,106.89,April,13175.37
Aurangabad,Mumbai,340.45,107.33,November,8410.81
Jalgaon,Kolhapur,567.36,101.93,June,11348.4
Pune,Nagpur,709.0,95.35,November,13188.68
Mumbai,Pune,147.85,107.37,April,4625.79
Nashik,Amravati,639.82,107.7,September,12719.74
Pune,Nagpur,702.55,94.82,June,12212.71
Nagpur,Nashik,191.25,97.68,January,4920.19
Kolhapur,Pune,229.54,105.67,April,5750.99
Mumbai,Solapur,734.69,107.36,February,14297.32
Amravati,Kolhapur,410.63,97.71,December,8649.71
Jalgaon,Kolhapur,515.55,97.15,February,10106.21
Aurangabad,Kolhapur,157.21,98.44,December,4454.34
Jalgaon,Nagpur,610.22,98.37,November,12354.16
Amravati,Thane,256.02,98.28,May,5798.55
Nashik,Nagpur,206.57,101.23,January,5117.46
Nagpur,Aurangabad,483.95,97.74,April,8572.29
Mumbai,Pune,153.73,94.37,August,4495.15
Nashik,Aurangabad,199.92,100.27,October,5633.12
Thane,Solapur,206.25,106.28,May,5356.04
Nagpur,Solapur,443.34,99.96,April,8228.17
Nashik,Solapur,502.3,102.18,November,10745.67
Nagpur,Nashik,175.48,98.55,August,5832.68
Solapur,Nagpur,420.61,106.01,July,10887.58
Kolhapur,Amravati,430.3,106.9,May,9014.94
Kolhapur,Jalgaon,568.12,95.62,June,9537.04
Kolhapur,Nagpur,156.13,92.02,April,4288.84
Kolhapur,Solapur,362.67,106.34,May,7965.08
Amravati,Nashik,602.71,97.94,November,12390.42
Aurangabad,Kolhapur,150.47,98.09,July,4869.71
Jalgaon,Pune,824.64,101.34,November,16280.19
Mumbai,Kolhapur,391.5,107.19,September,8713.4
Mumbai,Pune,144.7,103.34,March,4639.94
Solapur,Pune,638.8,103.43,November,13433.25
Aurangabad,Mumbai,327.91,92.49,September,6858.9
Amravati,Aurangabad,343.49,107.66,March,8004.37
Thane,Mumbai,611.84,99.72,April,10706.61
Nagpur,Pune,711.28,101.85,February,13104.46
Thane,Nagpur,359.13,100.02,June,7738.44
Nashik,Aurangabad,190.25,100.08,November,5203.31
Nashik,Nagpur,167.76,94.11,October,4815.63
Amravati,Nagpur,547.4,102.0,February,10782.49
Kolhapur,Amravati,427.53,102.0,March,9046.29
Pune,Solapur,653.43,92.19,August,13160.61
Kolhapur,Aurangabad,164.71,101.94,January,4516.94
Kolhapur,Jalgaon,561.46,101.69,August,12598.18
Amravati,Nashik,637.43,93.15,July,13287.68
Nagpur,Mumbai,806.94,102.12,July,17722.39
Nashik,Thane,452.08,107.85,August,11308.46
Amravati,Solapur,144.73,100.3,January,3826.71
Pune,Thane,538.34,107.66,September,11379.76
Amravati,Mumbai,794.26,98.36,November,15704.9
Nashik,Pune,201.26,96.6,October,5462.8
Aurangabad,Thane,150.08,101.53,November,4745.53
Nashik,Kolhapur,236.45,100.85,May,5393.17
Pune,Thane,567.55,96.01,October,11956.65
Aurangabad,Jalgaon,446.8,95.99,February,8399.4
Nagpur,Mumbai,799.33,101.8,November,15717.28
Aurangabad,Nashik,188.93,101.4,February,5141.81
Amravati,Mumbai,771.08,101.33,January,14269.31
Jalgaon,Nagpur,640.8,101.88,June,12129.44
Aurangabad,Mumbai,338.5,97.23,April,6712.78
Kolhapur,Jalgaon,530.38,96.14,November,11312.35
Amravati,Jalgaon,156.94,103.42,August,5906.85
Thane,Mumbai,647.29,92.8,April,10356.35
Pune,Amravati,704.84,98.8,October,13718.73
Mumbai,Nashik,162.61,106.16,March,4530.35
Nagpur,Amravati,514.02,101.87,January,10430.18
Mumbai,Jalgaon,874.44,104.8,July,18882.68
Mumbai,Pune,151.52,104.6,May,4606.57
Pune,Thane,529.93,99.08,December,10214.75
Pune,Nashik,207.6,100.0,November,5413.83
Aurangabad,Solapur,233.93,99.86,April,5512.57
Mumbai,Solapur,729.91,92.18,September,12000.39
Kolhapur,Mumbai,377.54,94.97,May,7355.19
Nagpur,Nashik,147.73,96.63,April,4289.83
Solapur,Thane,157.84,103.88,October,5303.07
Thane,Solapur,206.7,97.23,October,5790.08
Mumbai,Solapur,696.22,97.1,September,12455.04
Kolhapur,Solapur,378.65,105.74,March,7690.26
Amravati,Aurangabad,340.72,99.35,July,8731.38
Thane,Mumbai,641.84,105.81,May,11687.99
Aurangabad,Pune,430.78,100.66,January,9209.29
Nashik,Nagpur,155.57,100.31,December,4319.51
Thane,Solapur,157.06,96.28,June,4641.42
Mumbai,Pune,160.44,100.65,October,5488.98
Pune,Nashik,207.41,98.59,June,5089.02
Mumbai,Aurangabad,330.28,93.88,July,8046.69
Thane,Kolhapur,283.54,102.86,October,7036.84
Mumbai,Solapur,709.35,92.29,January,12060.77
Nashik,Aurangabad,194.32,95.55,October,5414.28
Mumbai,Jalgaon,921.19,95.25,December,15925.25
Nashik,Thane,465.41,99.22,March,9028.53
Nashik,Aurangabad,196.08,98.56,September,4941.94
Amravati,Solapur,207.76,93.07,September,5192.9
Mumbai,Nashik,176.0,98.94,November,5067.3
Jalgaon,Nashik,695.41,97.61,August,14594.17
Nagpur,Pune,706.91,102.59,January,13662.78
Pune,Amravati,718.39,93.06,August,13935.78
Amravati,Kolhapur,446.48,97.6,October,9777.06
Thane,Jalgaon,344.29,98.25,October,7679.15
Mumbai,Solapur,722.38,98.93,October,14346.81
Aurangabad,Thane,167.03,101.42,September,5003.16
Solapur,Pune,619.74,106.53,December,12433.4
Jalgaon,Pune,779.36,99.1,July,16854.93
Pune,Mumbai,154.63,96.22,June,3967.05
Nashik,Mumbai,176.49,99.41,November,5282.12
Nagpur,Solapur,428.52,102.59,April,8531.24
Solapur,Nagpur,464.16,103.97,January,9546.29
Solapur,Mumbai,712.48,96.22,May,12158.88
Aurangabad,Jalgaon,472.85,106.21,August,11790.39
Thane,Amravati,276.67,93.51,August,7123.34
Aurangabad,Nagpur,472.32,106.45,November,11017.23
Nashik,Mumbai,171.58,107.38,November,5944.47
Kolhapur,Nashik,231.1,92.27,August,5953.4
Pune,Mumbai,151.93,101.01,May,4572.73
Kolhapur,Nashik,270.67,107.85,March,7256.74
Amravati,Nagpur,539.86,105.89,November,11902.38
Pune,Solapur,633.3,102.13,May,11756.58
Nagpur,Thane,361.52,92.85,November,7950.75
Pune,Solapur,650.45,93.76,November,12410.96
Amravati,Jalgaon,185.4,96.4,March,4374.36
Mumbai,Solapur,721.95,94.87,December,12479.14
Mumbai,Nashik,167.33,92.31,January,4767.2
Solapur,Aurangabad,278.0,106.56,December,7021.07
Solapur,Pune,630.08,96.43,April,10790.04
Solapur,Aurangabad,279.18,93.06,October,6426.95
Mumbai,Kolhapur,374.35,105.81,August,9949.32
Kolhapur,Solapur,340.06,104.84,March,7467.8
Mumbai,Solapur,723.33,107.05,May,13177.75
Nagpur,Solapur,440.48,98.34,January,8620.07
Pune,Solapur,604.76,95.67,April,10078.75
Pune,Thane,565.97,93.2,May,9612.62
Amravati,Solapur,148.01,92.14,July,4751.33
Solapur,Amravati,155.38,92.33,October,4315.83
Nagpur,Aurangabad,473.52,94.72,April,8274.01
Solapur,Amravati,145.79,99.75,July,4819.18
Kolhapur,Thane,284.64,96.86,August,6943.84
Thane,Mumbai,620.92,107.75,October,13962.52
Amravati,Thane,233.99,98.7,September,5440.9
Pune,Nagpur,704.54,107.87,January,13746.52
Thane,Solapur,179.38,104.24,August,6199.02
Nagpur,Aurangabad,488.51,99.88,December,9527.57
Aurangabad,Nashik,185.99,104.8,July,6213.26
Thane,Nagpur,349.13,100.22,August,8870.11
Amravati,Aurangabad,336.09,100.84,September,6919.3
Aurangabad,Thane,199.83,94.64,March,4696.61
Pune,Thane,542.27,101.23,July,12239.73
Solapur,Jalgaon,285.0,96.04,October,6604.22
Mumbai,Aurangabad,328.85,94.8,September,7497.89
Aurangabad,Nagpur,491.34,92.01,October,9881.42
Mumbai,Thane,608.58,100.87,January,11861.94
Solapur,Amravati,204.45,92.64,August,5515.75
Thane,Kolhapur,262.64,104.17,July,7295.47
Pune,Thane,530.1,101.55,July,12166.08
Pune,Aurangabad,463.4,92.73,January,8693.15
Solapur,Nashik,543.06,106.57,October,12054.79
Nagpur,Mumbai,801.57,105.65,September,15063.71
Nashik,Pune,211.44,95.45,December,4918.93
Amravati,Solapur,159.67,94.78,January,4404.07
Solapur,Nashik,552.55,94.01,January,9991.23
Kolhapur,Aurangabad,198.45,106.84,June,5057.22
Pune,Thane,501.34,105.23,June,10193.58
Nashik,Amravati,592.11,107.38,August,13978.21
Nashik,Solapur,518.58,101.78,March,10016.13
Aurangabad,Solapur,271.97,100.1,June,5987.6
Jalgaon,Mumbai,879.71,107.41,April,15990.34
Nagpur,Solapur,440.5,104.71,December,9828.86
Nashik,Amravati,611.92,105.59,October,13592.33
Solapur,Amravati,166.08,106.86,December,4818.54
Amravati,Solapur,181.66,94.41,September,4684.58
Solapur,Nashik,563.31,105.08,October,12589.12
Mumbai,Nagpur,803.18,98.58,February,13825.13
Thane,Pune,562.69,106.55,July,13256.55
Aurangabad,Jalgaon,461.08,107.04,May,9200.63
Amravati,Nagpur,558.17,93.92,January,10083.21
Jalgaon,Nagpur,641.37,102.12,August,14113.44
Amravati,Kolhapur,434.86,92.72,December,8361.79
Pune,Aurangabad,467.47,101.07,July,11395.7
Nashik,Amravati,617.97,97.23,January,11163.61
Kolhapur,Aurangabad,172.48,93.9,June,4356.87
Kolhapur,Jalgaon,562.7,104.54,August,13213.24
Thane,Amravati,250.75,107.01,June,6284.71
Jalgaon,Amravati,142.22,104.51,August,5144.01
Nagpur,Jalgaon,638.44,99.33,August,13845.35
Kolhapur,Mumbai,382.43,97.75,May,6911.28
Mumbai,Thane,623.41,97.61,August,13029.14
Aurangabad,Mumbai,330.99,97.73,June,6607.82
Solapur,Aurangabad,283.33,104.5,May,6463.25
Solapur,Nashik,501.17,102.87,October,11138.95
Jalgaon,Kolhapur,521.83,96.0,November,11221.11
Pune,Nashik,212.69,105.52,July,6600.07
Thane,Nashik,464.15,92.7,March,8453.88
Nagpur,Nashik,168.22,105.34,August,5619.3
Solapur,Mumbai,742.95,107.4,March,14119.17
Jalgaon,Kolhapur,504.91,98.32,April,8628.52
Solapur,Nagpur,439.34,94.69,February,7888.77
Solapur,Jalgaon,251.91,105.38,July,7495.46
Solapur,Nashik,526.57,97.07,March,9763.67
Pune,Aurangabad,464.67,98.37,February,8867.73
Thane,Kolhapur,230.56,107.09,December,6242.77
Jalgaon,Pune,787.47,100.76,September,14167.87
Kolhapur,Nagpur,155.06,106.15,March,4908.43
Nagpur,Kolhapur,156.37,95.37,June,4533.14
Solapur,Aurangabad,260.84,94.12,June,5516.55
Jalgaon,Nashik,749.83,95.06,January,13137.33
Pune,Mumbai,145.18,93.05,May,3632.63
Nagpur,Solapur,439.2,94.56,August,10277.81
Jalgaon,Amravati,188.33,97.45,September,4709.99
Amravati,Nashik,632.17,94.61,March,11311.49
Aurangabad,Solapur,239.48,95.7,February,5359.57
Amravati,Pune,683.54,92.63,January,11406.76
Jalgaon,Nagpur,658.17,100.71,November,13774.56
Solapur,Thane,149.24,100.21,August,5127.86
Mumbai,Pune,145.83,95.62,May,3501.77
Thane,Solapur,143.59,99.88,May,4334.36
Nashik,Kolhapur,278.57,100.84,October,6850.87
Thane,Nagpur,358.32,103.74,April,7177.51
Pune,Thane,508.79,94.74,June,9322.8
Thane,Pune,513.54,102.26,April,9535.03
Aurangabad,Nagpur,478.44,95.68,March,9184.36
Aurangabad,Thane,201.26,104.65,April,5440.5
Pune,Aurangabad,420.94,103.81,May,8569.02
Aurangabad,Nagpur,478.12,107.88,October,11096.32
Thane,Nagpur,388.41,104.7,March,8727.04
Nashik,Aurangabad,191.12,104.29,November,5301.09
Solapur,Mumbai,715.05,102.32,July,15155.05
Kolhapur,Amravati,467.63,100.9,April,9026.34
Mumbai,Pune,162.15,99.88,January,4927.85
Thane,Pune,542.17,100.19,March,10591.42
Jalgaon,Solapur,236.53,107.42,March,6494.59
Mumbai,Thane,632.22,102.92,December,11744.77
Aurangabad,Nagpur,484.59,95.62,December,8855.71
Jalgaon,Solapur,252.67,102.58,June,6200.75
Nagpur,Pune,705.06,92.72,September,11451.71
Amravati,Jalgaon,183.59,104.91,April,5399.03
Thane,Pune,529.85,100.77,August,12807.89
Amravati,Pune,683.53,106.25,December,13283.54
Nagpur,Solapur,445.02,93.11,May,7369.81
Jalgaon,Aurangabad,420.03,103.44,April,8686.36
Aurangabad,Nagpur,472.04,105.4,April,9584.44
Pune,Thane,520.71,92.02,November,9935.13
Thane,Aurangabad,187.92,106.44,July,6134.08
Thane,Mumbai,648.21,106.69,February,13006.52
Thane,Amravati,250.18,96.78,November,6211.96
Mumbai,Aurangabad,325.42,96.07,June,7200.9
Thane,Amravati,292.61,105.18,May,6307.71
Amravati,Aurangabad,366.64,107.82,November,9142.96
Amravati,Solapur,146.65,97.04,July,4954.09
Aurangabad,Nashik,191.64,106.26,March,5176.61
Mumbai,Pune,155.07,99.82,April,3894.86
Nashik,Mumbai,175.69,102.12,March,4651.59
Nagpur,Kolhapur,192.74,105.97,June,5452.08
Nashik,Thane,416.48,104.49,December,8615.75
Kolhapur,Thane,246.28,95.62,August,6931.22
Jalgaon,Nashik,713.49,101.37,December,13375.19
Thane,Nashik,450.99,100.71,November,10318.55
Jalgaon,Aurangabad,446.62,96.35,June,8345.13
Jalgaon,Mumbai,928.39,100.72,April,15249.16
Aurangabad,Amravati,325.22,106.52,April,7333.17
Nashik,Aurangabad,185.4,100.48,May,4598.55
Amravati,Aurangabad,341.21,107.46,April,7419.16
Mumbai,Solapur,711.79,98.6,June,13218.09
Pune,Jalgaon,796.45,92.99,March,13336.74
Mumbai,Kolhapur,375.11,93.83,April,6979.58
Solapur,Jalgaon,259.04,98.2,May,6250.32
Aurangabad,Solapur,259.05,103.69,January,6048.98
Pune,Mumbai,149.61,101.63,February,4101.73
Aurangabad,Nagpur,475.81,102.81,April,8998.25
Mumbai,Kolhapur,390.83,105.95,March,8907.93
Solapur,Amravati,196.21,100.64,November,5910.17
Amravati,Pune,692.05,106.06,March,13943.89
Nagpur,Aurangabad,482.53,105.26,June,10415.06
Pune,Kolhapur,226.47,107.05,January,6223.62
Jalgaon,Thane,342.8,98.31,December,7183.06
Kolhapur,Pune,227.54,101.29,May,5487.3
Thane,Jalgaon,381.17,92.21,January,7159.14
Kolhapur,Pune,223.68,92.87,March,5584.59
Thane,Pune,526.83,95.46,January,9557.97
Nagpur,Pune,712.36,96.23,February,12564.62
Aurangabad,Jalgaon,441.18,92.23,November,9382.85
Thane,Nashik,453.8,101.15,June,9179.2
Jalgaon,Kolhapur,536.64,95.63,July,11434.21
Jalgaon,Thane,350.93,94.61,March,6801.68
Nashik,Thane,436.96,105.68,March,9517.12
Nashik,Amravati,608.94,95.11,April,10616.72
Nashik,Jalgaon,719.05,107.36,September,14868.16
Thane,Solapur,143.08,94.96,August,4011.34
Jalgaon,Solapur,250.76,93.24,December,5937.06
Amravati,Mumbai,825.75,104.11,September,15645.04
Amravati,Pune,744.96,93.46,December,12870.91
Pune,Jalgaon,773.88,97.3,September,13432.96
Mumbai,Kolhapur,379.68,94.83,February,7650.63
Thane,Kolhapur,236.79,94.86,February,5442.53
Pune,Solapur,597.87,97.31,December,10873.6
Amravati,Thane,284.77,107.88,May,6505.14
Jalgaon,Aurangabad,461.12,99.84,January,9225.67
Thane,Amravati,285.94,97.35,July,7413.53
Mumbai,Nagpur,796.2,94.9,May,12865.66
Jalgaon,Nashik,689.8,98.65,June,12614.06
Aurangabad,Thane,149.47,102.81,December,3761.93
Solapur,Thane,206.45,106.07,August,6505.64
Aurangabad,Solapur,251.2,103.69,November,6473.98
Thane,Pune,540.29,94.58,September,9605.79
Pune,Amravati,731.96,92.4,October,13193.93
Thane,Pune,503.03,103.19,November,11289.14
Kolhapur,Amravati,452.71,99.81,July,11151.14
Nagpur,Aurangabad,475.36,97.1,September,9259.62
Aurangabad,Jalgaon,426.98,93.46,November,9056.43
Thane,Kolhapur,263.02,93.46,February,5756.47
Mumbai,Kolhapur,382.9,106.35,April,7278.35
Amravati,Mumbai,830.32,101.23,September,15266.22
Thane,Nashik,452.82,96.73,September,8278.8
Mumbai,Nagpur,798.08,104.65,February,14829.8
Pune,Jalgaon,808.86,101.41,October,16288.33
Jalgaon,Amravati,154.98,96.53,April,3856.72
Amravati,Nagpur,545.46,102.7,September,10403.43
Nashik,Jalgaon,742.03,99.34,April,12402.67
Pune,Nashik,205.83,94.13,March,5141.22
Amravati,Kolhapur,410.07,106.45,October,9794.15
Kolhapur,Amravati,412.82,100.2,June,8768.19
Solapur,Thane,183.43,104.86,May,4832.47
Nashik,Aurangabad,191.98,104.25,September,5116.02
Thane,Mumbai,602.77,107.44,October,13090.21
Thane,Solapur,175.31,97.0,February,4443.53
Kolhapur,Nashik,257.88,92.11,August,6261.34
Amravati,Nagpur,555.65,97.18,March,10185.97
Aurangabad,Nagpur,481.85,98.03,March,9319.8
Aurangabad,Amravati,376.87,93.32,April,6999.08
Nashik,Mumbai,173.91,105.72,February,4902.59
Nagpur,Jalgaon,653.83,93.56,June,10966.2
Mumbai,Amravati,786.19,95.9,February,13895.63
Nashik,Thane,410.36,99.13,May,7552.82
Solapur,Nashik,566.2,97.01,November,11695.28
Thane,Jalgaon,389.06,101.57,August,9297.49
Nashik,Thane,431.5,105.75,January,9437.11
Aurangabad,Solapur,256.84,94.69,November,6605.06
Nagpur,Aurangabad,487.12,100.18,January,9940.04
Nashik,Kolhapur,295.37,98.44,January,6464.86
Solapur,Nagpur,417.88,98.52,February,8677.43
Solapur,Nashik,544.07,105.82,February,11451.11
Solapur,Amravati,167.52,94.23,April,4300.7
Amravati,Pune,691.72,99.4,July,14864.63
Amravati,Aurangabad,324.42,98.35,February,7004.95
Solapur,Nagpur,439.55,104.56,March,9047.58
Kolhapur,Pune,225.02,99.33,October,6601.11
Thane,Pune,565.16,102.57,June,11264.77
Kolhapur,Nagpur,140.12,98.02,May,3811.49
Solapur,Jalgaon,259.31,95.51,September,5999.57
Aurangabad,Thane,197.56,104.05,November,6726.11
Mumbai,Nashik,165.38,103.29,April,4772.95
Nagpur,Pune,710.64,103.38,October,14661.66
Amravati,Thane,232.49,107.91,February,6069.06
Pune,Thane,523.89,99.11,July,11677.52
Jalgaon,Mumbai,920.3,105.86,March,17109.64
Nagpur,Nashik,196.56,97.13,July,5701.56
Solapur,Aurangabad,247.4,100.61,January,5624.63
Jalgaon,Nashik,688.53,92.29,April,11450.8
Solapur,Aurangabad,299.43,107.22,January,7228.1
Thane,Nashik,435.43,99.02,November,9134.35
Nagpur,Nashik,163.11,93.71,February,3988.92
Thane,Jalgaon,379.1,106.65,March,8098.76
Solapur,Thane,148.67,93.13,March,4046.21
Kolhapur,Aurangabad,149.73,99.04,June,3961.23
Solapur,Mumbai,738.55,100.04,January,13191.45
Pune,Kolhapur,225.55,104.07,July,7305.53
Pune,Mumbai,153.77,100.05,June,4151.32
Mumbai,Thane,598.28,98.42,March,11587.66
Pune,Thane,528.95,92.64,October,10168.72
Jalgaon,Mumbai,863.02,94.87,November,15696.04
Amravati,Kolhapur,419.88,104.22,January,9587.3
Jalgaon,Nashik,723.94,95.07,February,12554.69
Mumbai,Jalgaon,897.18,103.93,October,18416.53
Thane,Jalgaon,343.44,97.02,June,7272.57
Thane,Solapur,197.74,103.02,May,4723.81
Jalgaon,Nashik,696.62,96.8,December,12237.18
Solapur,Jalgaon,266.83,104.15,December,6389.33
Pune,Nashik,202.83,98.05,February,5001.29
Thane,Aurangabad,145.06,101.21,November,5049.09
Jalgaon,Amravati,182.69,95.85,June,4755.07
Solapur,Mumbai,686.28,106.57,February,12984.46
Amravati,Solapur,161.54,106.82,May,5201.15
Jalgaon,Kolhapur,538.27,106.15,August,13413.45
Jalgaon,Mumbai,873.68,94.66,May,13497.85
Mumbai,Kolhapur,382.15,107.23,April,8587.88
Amravati,Kolhapur,471.08,93.39,October,10077.01
Amravati,Mumbai,801.14,99.82,February,14339.15
Mumbai,Pune,154.12,97.0,March,4669.23
Nashik,Amravati,645.58,107.06,July,15042.0
Nagpur,Amravati,559.15,98.32,January,10863.96
Thane,Aurangabad,184.43,94.98,September,4129.55
Jalgaon,Thane,353.93,92.43,April,6326.85
Jalgaon,Mumbai,909.51,96.03,February,14576.04
Jalgaon,Kolhapur,514.42,92.02,February,9153.24
Thane,Mumbai,648.74,100.81,April,11468.4
Nagpur,Nashik,174.47,103.21,April,4157.87
Aurangabad,Nagpur,476.3,93.91,December,8912.7
Kolhapur,Nashik,243.42,100.89,March,6197.75
Aurangabad,Nagpur,482.69,94.91,March,9118.94
Jalgaon,Kolhapur,549.46,100.57,March,10377.37
Kolhapur,Amravati,432.54,100.96,August,10189.7
Jalgaon,Solapur,281.71,96.9,July,7423.63
Thane,Pune,503.7,103.62,January,10198.79
Nashik,Nagpur,173.76,92.92,October,4743.46
Aurangabad,Jalgaon,477.89,103.64,February,9410.83
Mumbai,Nashik,167.26,99.8,September,4346.34
Amravati,Pune,717.01,97.35,May,12313.19
Solapur,Nagpur,415.95,98.98,June,8546.17
Pune,Aurangabad,466.36,94.19,July,10177.56
Amravati,Mumbai,820.73,105.38,December,15677.9
Aurangabad,Solapur,232.87,92.79,March,5219.7
Jalgaon,Solapur,298.07,100.29,May,6851.74
Amravati,Thane,263.84,98.87,August,7070.31
Jalgaon,Amravati,193.81,92.99,October,5666.11
Amravati,Thane,232.55,92.84,July,6548.07
Pune,Mumbai,148.94,98.29,April,4739.48
Aurangabad,Pune,433.27,97.05,December,8034.04
Kolhapur,Solapur,373.66,107.46,October,9442.22
Solapur,Jalgaon,249.96,102.09,May,6566.56
Nashik,Solapur,518.56,94.72,December,9753.15
Kolhapur,Thane,247.48,97.49,October,6299.31
Solapur,Pune,591.12,107.42,May,11134.21
Kolhapur,Solapur,385.28,101.21,July,9591.7
Solapur,Jalgaon,258.45,106.08,May,6280.89
Amravati,Kolhapur,432.14,105.52,August,10575.61
Thane,Amravati,258.17,96.77,April,5508.98
Jalgaon,Kolhapur,569.69,99.2,January,11200.07
Thane,Amravati,244.42,107.23,April,6064.46
Jalgaon,Amravati,140.61,98.11,January,4302.23
Amravati,Kolhapur,473.93,98.21,August,10753.13
Jalgaon,Aurangabad,429.29,97.31,August,9543.28
Amravati,Solapur,204.66,107.96,November,6404.59
Kolhapur,Nashik,246.96,95.26,June,5839.56
Nagpur,Pune,709.34,98.48,February,12623.69
Nagpur,Aurangabad,485.27,94.89,March,8969.89
Amravati,Thane,249.18,101.49,September,5882.34
Jalgaon,Nagpur,611.0,99.59,July,13270.65
Jalgaon,Mumbai,888.0,92.92,March,15089.19
Jalgaon,Mumbai,883.73,104.73,April,15753.89
Mumbai,Jalgaon,900.97,96.1,January,15559.6
Solapur,Nashik,536.01,105.71,January,11255.39
Jalgaon,Amravati,195.85,105.83,April,5076.79
Nagpur,Nashik,188.8,93.33,September,4751.04
Pune,Solapur,619.88,93.78,May,10601.84
Jalgaon,Thane,331.09,93.0,July,7790.86
Kolhapur,Aurangabad,160.36,99.51,March,4245.17
Nagpur,Kolhapur,190.08,107.57,December,5204.31
Thane,Jalgaon,331.63,97.32,February,6380.86
Thane,Kolhapur,261.52,96.08,November,6293.16
Nashik,Aurangabad,191.39,96.51,May,4455.74
Kolhapur,Mumbai,379.51,101.69,June,7698.87
Nashik,Kolhapur,269.34,93.79,August,6831.68
Mumbai,Kolhapur,384.68,99.63,October,9010.78
Thane,Kolhapur,296.18,92.92,July,7271.36
Nagpur,Kolhapur,178.31,106.25,May,4945.19
Aurangabad,Jalgaon,429.53,98.48,January,8202.53
Nashik,Aurangabad,184.77,103.68,June,4461.9
Thane,Nagpur,342.15,93.39,May,7048.09
Aurangabad,Nashik,188.81,96.14,January,4808.25
Mumbai,Nashik,172.79,99.2,April,4231.53
Pune,Aurangabad,476.91,95.79,July,10813.65
Nagpur,Amravati,511.84,107.64,May,10118.58
Solapur,Kolhapur,356.06,107.84,December,8086.73
Pune,Mumbai,151.56,92.22,January,4178.34
Amravati,Solapur,163.51,100.22,November,5394.15
Mumbai,Aurangabad,327.27,95.59,January,6620.46
Thane,Aurangabad,171.19,107.47,November,5454.1
Pune,Solapur,651.08,95.91,August,14118.77
Thane,Nagpur,326.47,99.33,September,7227.32
Amravati,Solapur,207.67,107.33,May,5966.13
Thane,Nagpur,342.61,106.22,February,7833.92
Aurangabad,Solapur,238.37,95.69,July,6445.63
Mumbai,Solapur,702.09,99.86,May,12006.13
Pune,Thane,553.47,100.23,February,11205.19
Jalgaon,Mumbai,876.91,102.9,March,15485.31
Thane,Solapur,187.38,93.03,June,5101.16
Aurangabad,Pune,439.22,96.95,March,8271.2
Aurangabad,Thane,206.73,93.16,December,4445.25
Solapur,Pune,598.8,96.64,January,10840.24
Nagpur,Thane,373.22,103.56,September,7903.94
Solapur,Aurangabad,298.35,107.27,March,6771.03
Nagpur,Jalgaon,611.23,103.47,March,11844.65
Solapur,Nagpur,462.26,92.2,June,7922.56
Mumbai,Kolhapur,378.02,103.23,September,8078.72
Nagpur,Pune,716.1,104.26,November,14626.56
Thane,Nashik,430.57,99.14,August,10493.04
Jalgaon,Mumbai,887.78,98.9,March,16233.04
Nashik,Amravati,613.36,101.27,July,13758.23
Nagpur,Pune,703.6,99.11,November,13460.54
Aurangabad,Jalgaon,418.72,102.44,February,8568.34
Pune,Jalgaon,808.78,96.77,November,15230.37
Aurangabad,Thane,196.56,104.28,September,5064.52
Mumbai,Amravati,810.41,102.34,June,14629.77
Pune,Thane,505.97,105.86,March,10630.84
Jalgaon,Pune,785.42,93.65,June,12486.83
Kolhapur,Solapur,350.5,94.07,April,7274.89
Solapur,Thane,149.5,96.16,June,4569.29
Kolhapur,Nashik,281.51,96.4,October,6664.96
Nashik,Solapur,569.84,96.22,April,9352.93
Pune,Kolhapur,224.74,105.15,February,5832.39
Nashik,Solapur,553.75,104.03,April,10748.27
Nashik,Nagpur,146.79,93.03,October,4415.84
Aurangabad,Pune,431.82,100.41,January,8541.43
Aurangabad,Mumbai,332.87,103.19,December,7633.61
Jalgaon,Solapur,254.01,102.67,January,6140.6
Pune,Thane,551.58,100.02,November,11690.08
Aurangabad,Jalgaon,471.4,95.89,May,8113.57
Solapur,Nashik,544.17,92.4,August,11721.94
Nagpur,Amravati,559.06,99.01,September,11287.3
Jalgaon,Aurangabad,423.06,95.01,June,8382.46
Kolhapur,Thane,296.35,98.35,June,6547.85
Kolhapur,Mumbai,377.03,100.66,September,7446.35
Jalgaon,Nashik,698.23,105.41,August,16073.05
Thane,Kolhapur,292.52,103.03,September,7024.14
Mumbai,Solapur,723.98,94.95,June,12616.44
Nashik,Thane,450.51,101.89,February,9213.28
Pune,Thane,552.33,105.61,April,10404.21
Mumbai,Pune,151.0,92.53,September,4056.29
Nashik,Solapur,512.31,95.77,December,9498.01
Solapur,Nashik,568.33,95.56,August,11965.33
Mumbai,Nagpur,797.05,102.93,November,16020.19
Mumbai,Nagpur,791.67,106.06,January,14961.02
Kolhapur,Pune,229.75,107.13,December,6158.83
Mumbai,Amravati,774.97,105.09,April,14318.41
Nashik,Thane,441.67,103.74,May,8612.28
Kolhapur,Nagpur,151.68,106.78,May,4102.36
Nagpur,Solapur,411.24,93.64,October,8444.72
Kolhapur,Mumbai,380.84,105.32,January,8622.89
Kolhapur,Pune,235.45,107.68,March,6496.62
Jalgaon,Thane,329.23,106.19,February,7636.73
Kolhapur,Pune,228.48,98.13,December,5034.92
Nashik,Aurangabad,189.71,104.19,October,5937.99
Kolhapur,Jalgaon,543.69,99.59,February,10337.25
Amravati,Jalgaon,140.26,94.6,September,4278.63
Nagpur,Pune,705.17,99.32,January,12619.59
Nashik,Nagpur,200.8,94.78,June,5096.85
Jalgaon,Pune,833.88,94.84,September,14586.78
Nagpur,Aurangabad,475.83,93.34,February,8625.69
Amravati,Mumbai,790.96,93.6,December,13366.31
Nashik,Jalgaon,698.25,93.48,February,11939.05
Amravati,Nashik,601.66,107.78,July,14388.02
Thane,Jalgaon,321.3,94.3,December,6672.63
Pune,Nashik,205.08,96.89,May,5351.81
Solapur,Jalgaon,282.7,100.0,June,6281.93
Aurangabad,Solapur,250.99,92.55,September,5410.66
Jalgaon,Mumbai,922.06,98.58,February,16336.45
Thane,Pune,529.22,94.31,August,11353.38
Kolhapur,Pune,228.83,97.52,December,5727.61
Amravati,Nashik,649.61,105.82,May,12169.7
Solapur,Nashik,500.6,92.32,October,10202.72
Pune,Solapur,642.25,94.33,May,9885.41
Nashik,Mumbai,173.36,101.41,December,4646.47
Solapur,Kolhapur,350.81,93.11,January,6482.27
Mumbai,Solapur,683.7,103.22,May,12135.48
Jalgaon,Thane,355.52,99.06,January,7705.02
Pune,Thane,500.05,101.51,September,9923.23
Solapur,Mumbai,712.48,95.93,June,12409.61
Jalgaon,Thane,385.44,102.19,March,8542.37
Thane,Solapur,150.46,106.88,May,4913.96
Amravati,Nagpur,528.44,106.83,March,10780.64
Jalgaon,Pune,778.77,98.11,October,15295.73
Nashik,Pune,201.84,107.45,April,5240.12
Mumbai,Nashik,160.77,93.61,September,3915.57
Solapur,Nashik,537.33,107.94,October,12000.86
Nashik,Thane,412.91,95.31,September,7988.44
Pune,Amravati,680.5,102.88,March,12924.53
Solapur,Nashik,545.51,103.87,January,10928.62
Pune,Jalgaon,813.66,94.14,January,13407.46
Kolhapur,Thane,266.42,92.59,December,5861.38
Solapur,Aurangabad,297.77,94.37,May,6126.28
Kolhapur,Nashik,269.72,98.03,January,5895.75
Nashik,Solapur,518.04,103.22,November,10908.29
Nashik,Pune,215.04,92.21,May,4874.78
Nagpur,Thane,366.71,94.01,September,7214.6
Amravati,Nashik,635.38,94.76,March,11661.23
Amravati,Jalgaon,207.36,100.29,May,4550.0
Amravati,Aurangabad,377.25,107.66,May,8213.55
Solapur,Amravati,192.74,94.12,February,5056.3
Nagpur,Solapur,477.42,106.68,August,11987.54
Amravati,Solapur,190.4,93.62,December,5046.92
Nagpur,Mumbai,797.05,102.23,June,14921.27
Pune,Mumbai,146.21,98.16,April,3745.91
Nashik,Pune,211.25,99.25,May,5029.71
Amravati,Kolhapur,475.53,100.22,January,9091.51
Jalgaon,Nagpur,630.91,104.75,August,14176.39
Mumbai,Solapur,718.79,101.41,June,12307.63
Mumbai,Nagpur,803.65,99.78,April,13427.69
Amravati,Nagpur,568.48,104.37,November,12113.21
Mumbai,Solapur,702.62,100.71,August,15090.07
Nashik,Mumbai,164.01,96.45,September,4806.57
Aurangabad,Amravati,339.32,103.7,September,7982.07
Mumbai,Solapur,719.46,95.28,February,12342.98
Jalgaon,Amravati,153.87,105.99,October,4800.59
Jalgaon,Mumbai,896.34,95.75,October,16537.21
Solapur,Aurangabad,281.43,97.14,April,5394.47
Jalgaon,Amravati,186.12,107.83,April,5166.39
Aurangabad,Thane,143.64,93.82,March,4361.51
Mumbai,Solapur,715.68,96.8,December,12497.93
Kolhapur,Aurangabad,192.94,100.63,October,5883.55
Nagpur,Kolhapur,188.96,93.79,November,4693.56
Jalgaon,Nashik,712.65,97.79,November,13802.7
Pune,Solapur,596.67,92.44,October,11503.41
Nashik,Jalgaon,746.23,101.28,December,13831.67
Solapur,Thane,154.2,103.93,March,4396.03
Aurangabad,Kolhapur,150.84,96.82,February,4432.09
Solapur,Jalgaon,244.33,101.06,May,5698.95
Jalgaon,Pune,773.7,102.01,January,14207.43
Aurangabad,Nashik,196.29,106.12,December,5231.06
Thane,Mumbai,624.94,93.76,December,10612.9
Mumbai,Thane,610.8,94.17,February,10777.81
Jalgaon,Nashik,733.71,106.83,November,15925.41
Pune,Nashik,213.29,106.22,May,5723.2
Solapur,Nagpur,434.55,104.37,January,9165.18
Jalgaon,Amravati,194.64,97.79,August,5334.99
Thane,Solapur,147.41,102.05,February,4459.11
Aurangabad,Kolhapur,178.79,94.79,October,4373.33
Jalgaon,Nagpur,601.14,97.67,August,13500.03
Nashik,Pune,211.53,94.71,October,5843.67
Solapur,Nagpur,448.49,101.91,May,8707.11
Mumbai,Nagpur,799.08,107.6,November,16984.02
Pune,Thane,560.45,97.46,December,9970.95
Amravati,Pune,711.69,105.37,December,14049.29
Thane,Amravati,247.9,97.83,June,5907.89
Nashik,Mumbai,167.72,103.42,January,4488.75
Mumbai,Amravati,837.66,99.24,August,17385.28
Thane,Nashik,477.51,103.49,June,9524.7
Solapur,Pune,611.81,104.53,August,14044.21
Thane,Nashik,464.45,98.12,June,8922.13
Pune,Mumbai,150.01,106.22,April,4160.12
Mumbai,Pune,155.7,103.58,May,4242.04
Aurangabad,Amravati,369.54,97.76,April,7118.53
Amravati,Solapur,153.53,107.21,March,5003.39
Mumbai,Pune,151.92,107.66,June,4601.27
Thane,Amravati,241.78,95.04,April,4753.38
Solapur,Nashik,545.17,102.42,November,11893.65
Thane,Aurangabad,168.99,103.17,October,5454.77
Thane,Solapur,142.63,101.11,October,4181.87
Amravati,Jalgaon,204.37,96.98,July,5390.02
Nagpur,Jalgaon,622.6,95.84,February,10577.35
Solapur,Mumbai,738.11,102.62,September,14035.68
Thane,Amravati,272.45,102.84,September,6511.35
Amravati,Nashik,607.27,99.35,June,11570.64
Nashik,Solapur,519.58,101.04,August,12417.68
Mumbai,Amravati,800.84,105.71,January,14990.64
Pune,Kolhapur,230.53,100.36,August,6750.78
Aurangabad,Thane,175.85,107.05,October,5455.21
Thane,Mumbai,598.79,96.98,December,10722.6
Amravati,Thane,283.34,100.08,October,7358.6
Amravati,Kolhapur,476.33,104.27,October,10225.21
Nagpur,Thane,371.43,96.03,September,7928.92
Nagpur,Aurangabad,480.43,98.06,October,10205.89
Aurangabad,Amravati,370.6,92.52,July,8153.05
Kolhapur,Pune,221.45,101.66,February,5409.24
Thane,Mumbai,592.3,99.99,August,13286.15
Nashik,Thane,457.96,107.71,December,9433.65
Mumbai,Nagpur,796.17,106.94,April,14504.87
Thane,Aurangabad,195.75,100.75,February,5328.23
Solapur,Aurangabad,282.47,103.64,March,7059.97
Pune,Aurangabad,453.58,92.16,June,8222.21
Nagpur,Solapur,421.46,96.43,October,8892.01
Thane,Solapur,155.24,107.46,May,4505.9
Thane,Mumbai,657.41,101.72,July,14845.4
Jalgaon,Solapur,230.7,93.36,April,5035.11
Thane,Nashik,457.82,92.84,January,8471.33
Pune,Solapur,596.36,105.67,February,11898.61
Pune,Solapur,633.91,99.55,July,13403.52
Kolhapur,Mumbai,384.63,93.28,August,9050.25
Kolhapur,Pune,227.9,97.22,October,5883.73
Thane,Jalgaon,337.53,102.71,November,8881.82
Jalgaon,Aurangabad,466.35,107.48,December,9657.47
Thane,Jalgaon,326.03,100.95,March,7388.42
Mumbai,Pune,145.75,100.35,April,3819.21
Amravati,Mumbai,773.71,104.08,May,13495.47
Jalgaon,Kolhapur,541.56,101.73,February,10205.94
Nagpur,Thane,368.79,100.96,May,7494.81
Thane,Jalgaon,372.33,100.8,January,7916.1
Solapur,Nagpur,436.34,106.81,March,9228.2
Amravati,Nashik,655.93,103.83,December,11715.65
Mumbai,Pune,150.42,96.59,November,4353.23
Nashik,Nagpur,199.81,103.98,December,5216.34
Mumbai,Amravati,807.34,101.54,April,13948.58
Pune,Thane,562.97,104.51,July,12748.97
Thane,Jalgaon,337.35,92.58,June,7336.0
Amravati,Solapur,190.78,93.81,June,4822.48
Aurangabad,Nashik,196.6,94.75,December,4888.75
Aurangabad,Pune,458.97,98.59,April,8759.83
Amravati,Solapur,163.66,106.51,July,5811.45
Amravati,Pune,732.94,104.71,June,13828.21
Nagpur,Thane,368.0,105.74,July,9788.2
Pune,Nashik,205.17,95.83,February,4856.86
Jalgaon,Thane,342.44,94.16,November,6993.16
Nashik,Pune,214.24,98.21,July,6091.64
Aurangabad,Nagpur,478.96,94.43,January,9153.67
Solapur,Thane,200.11,102.14,August,6321.48
Aurangabad,Pune,446.93,102.49,January,10001.37
Aurangabad,Solapur,250.82,102.91,March,6596.35
Nagpur,Nashik,165.12,101.76,October,5357.12
Thane,Solapur,166.53,96.84,February,3982.72
Mumbai,Pune,150.4,102.58,August,5554.62
Nagpur,Jalgaon,606.25,103.34,December,11880.64
Thane,Kolhapur,271.39,106.19,July,7587.95
Nashik,Thane,439.94,101.54,October,10190.46
Nagpur,Pune,710.78,92.18,October,12839.77
Nagpur,Jalgaon,602.45,106.22,August,14028.69
Pune,Mumbai,153.64,102.23,July,5567.48
Jalgaon,Mumbai,921.75,98.94,March,15519.78
Aurangabad,Jalgaon,451.11,94.79,December,8313.02
Amravati,Jalgaon,152.43,106.64,September,4424.44
Nashik,Thane,414.52,107.56,October,9683.71
Nagpur,Kolhapur,182.75,96.23,April,4158.42
Nashik,Amravati,600.98,92.24,February,10531.28
Jalgaon,Thane,344.85,99.71,January,6885.0
Nagpur,Solapur,475.71,104.88,January,10025.85
Pune,Solapur,647.81,96.86,January,11712.03
Mumbai,Solapur,701.9,93.57,January,11794.32
